{"stats":{"minecraft:picked_up":{"minecraft:dirt":1},"minecraft:custom":{"minecraft:jump":71,"minecraft:time_since_rest":4874,"minecraft:crouch_one_cm":148,"minecraft:sprint_one_cm":6940,"minecraft:damage_taken":560,"minecraft:leave_game":1,"minecraft:play_time":6590,"minecraft:walk_one_cm":4801,"minecraft:time_since_death":4385,"minecraft:deaths":2,"minecraft:sneak_time":34,"minecraft:total_world_time":6590,"minecraft:fall_one_cm":1730,"minecraft:fly_one_cm":18855},"minecraft:killed_by":{"minecraft:zombie":2},"minecraft:mined":{"minecraft:grass_block":1,"minecraft:short_grass":4}},"DataVersion":3953}