{"stats":{"minecraft:used":{"minecraft:dirt":2},"minecraft:custom":{"minecraft:jump":30,"minecraft:leave_game":1,"minecraft:crouch_one_cm":1714,"minecraft:play_time":45204,"minecraft:sprint_one_cm":7506,"minecraft:damage_taken":210,"minecraft:time_since_death":45204,"minecraft:walk_one_cm":6960,"minecraft:sneak_time":498,"minecraft:total_world_time":45204,"minecraft:fall_one_cm":894,"minecraft:fly_one_cm":77290,"minecraft:time_since_rest":45204},"minecraft:mined":{"minecraft:birch_log":2,"minecraft:grass_block":8,"minecraft:dirt":1},"minecraft:picked_up":{"minecraft:birch_log":2,"minecraft:dirt":9}},"DataVersion":3465}