{"stats":{"minecraft:killed":{"minecraft:polar_bear":1},"minecraft:picked_up":{"minecraft:dirt":4},"minecraft:custom":{"minecraft:jump":113,"minecraft:damage_dealt":300,"minecraft:time_since_rest":2077,"minecraft:crouch_one_cm":157,"minecraft:sprint_one_cm":8565,"minecraft:damage_taken":750,"minecraft:leave_game":2,"minecraft:play_time":22751,"minecraft:walk_one_cm":6303,"minecraft:time_since_death":0,"minecraft:deaths":3,"minecraft:sneak_time":46,"minecraft:total_world_time":22751,"minecraft:mob_kills":1,"minecraft:fall_one_cm":3042,"minecraft:fly_one_cm":28531},"minecraft:killed_by":{"minecraft:zombie":2,"minecraft:stray":1},"minecraft:used":{"minecraft:dirt":4},"minecraft:mined":{"minecraft:grass_block":1,"minecraft:short_grass":4,"minecraft:dirt":3}},"DataVersion":3953}