{"stats":{"minecraft:used":{"minecraft:dirt":2,"minecraft:netherite_shovel":19,"minecraft:sand":4},"minecraft:custom":{"minecraft:jump":81,"minecraft:damage_taken":710,"minecraft:leave_game":2,"minecraft:crouch_one_cm":1714,"minecraft:play_time":62124,"minecraft:sprint_one_cm":9119,"minecraft:time_since_death":8546,"minecraft:walk_one_cm":10260,"minecraft:deaths":2,"minecraft:sneak_time":553,"minecraft:total_world_time":62124,"minecraft:fall_one_cm":7533,"minecraft:fly_one_cm":121849,"minecraft:time_since_rest":8605},"minecraft:mined":{"minecraft:birch_log":2,"minecraft:grass_block":9,"minecraft:sand":19,"minecraft:dirt":1},"minecraft:picked_up":{"minecraft:birch_log":2,"minecraft:sand":5,"minecraft:dirt":10}},"DataVersion":3465}