{"stats":{"minecraft:used":{"minecraft:netherite_shovel":19,"minecraft:dirt":2,"minecraft:sand":4},"minecraft:custom":{"minecraft:jump":81,"minecraft:deaths":2,"minecraft:leave_game":2,"minecraft:crouch_one_cm":1714,"minecraft:play_time":54734,"minecraft:sprint_one_cm":9119,"minecraft:damage_taken":710,"minecraft:time_since_death":1156,"minecraft:walk_one_cm":10260,"minecraft:sneak_time":553,"minecraft:total_world_time":54734,"minecraft:fall_one_cm":7533,"minecraft:fly_one_cm":121849,"minecraft:time_since_rest":1215},"minecraft:mined":{"minecraft:birch_log":2,"minecraft:grass_block":9,"minecraft:sand":19,"minecraft:dirt":1},"minecraft:picked_up":{"minecraft:birch_log":2,"minecraft:sand":5,"minecraft:dirt":10}},"DataVersion":3465}