{"stats":{"minecraft:used":{"minecraft:dirt":2},"minecraft:custom":{"minecraft:jump":26,"minecraft:time_since_rest":21203,"minecraft:crouch_one_cm":1074,"minecraft:sprint_one_cm":4042,"minecraft:play_time":21203,"minecraft:damage_taken":210,"minecraft:time_since_death":21203,"minecraft:walk_one_cm":2349,"minecraft:sneak_time":278,"minecraft:total_world_time":21203,"minecraft:fall_one_cm":894,"minecraft:fly_one_cm":7304},"minecraft:mined":{"minecraft:birch_log":2,"minecraft:grass_block":8,"minecraft:dirt":1},"minecraft:picked_up":{"minecraft:dirt":9,"minecraft:birch_log":2}},"DataVersion":3465}